User_Description_Input,Target_Bike_Type_Keywords,Target_Tag_Keywords,Target_Weight_Profile_Keywords,Target_Height_Profile_Keywords,Target_Primary_Use_Keywords,Target_Riding_Style_Keywords
I dream of a stylish and super comfortable ride perfect for gliding through the city. I m a bit more on the relaxed side loving my personal space and not looking for extreme adventures.,"Maxi Scooter,premium,scooter,urban,comfortable,tech-advanced,versatile","Relaxed,Easygoing,Calm & Collected",Moderate-weight,Standard-height,"City streets,Quiet Suburban roads","Leisure,Daily commute,Smooth,Comfortable"
I m a modern individual who appreciates comfort and smart features in everything. My ideal ride is chic keeps me in my zone and handles city life with ease. Color is important!,"Maxi Scooter,premium,scooter,urban,comfortable,tech-advanced,versatile","Tech-Savvy & Modern,Calm & Collected,Social & Outgoing",Moderate-weight,Standard-height,City streets,"Daily commute,Leisure,Smooth,Convenient"
I m a woman who loves to feel pampered and comfortable on the go. My dream two-wheeler is elegant offers a smooth ride and is perfect for casual outings with friends maybe by the beach.,"Maxi Scooter,premium,scooter,urban,comfortable,versatile","Relaxed,Easygoing,Calm & Collected,Social & Outgoing",Moderate-weight,Standard-height,Beach & Coastal roads,"City streets,Leisure,Smooth,Comfortable"
I m not a risk-taker but I enjoy exploring new cafes and boutiques in the city. My ideal ride is stable technologically advanced and keeps me feeling safe and in control.,"Maxi Scooter,premium,scooter,urban,comfortable,tech-advanced","Relaxed,Easygoing,Calm & Collected,Practical & Efficient",Moderate-weight,Standard-height,City streets,"Daily commute,Smooth,Safe"
My dream ride is all about comfort and looking good without being flashy. I m a bit of a lazy person when it comes to effort so an effortless luxurious scooter would be perfect for my urban lifestyle.,"Maxi Scooter,premium,scooter,urban,comfortable,versatile","Relaxed,Easygoing,Lazy Person,Calm & Collected",Moderate-weight,Standard-height,City streets,"Daily commute,Leisure,Smooth,Effortless"
I m an independent person who loves discovering hidden spots in the city but also enjoys the idea of light exploration beyond the usual roads. I need something easy to handle and reliable.,"Adventure Scooter,urban,commuter,economical,nimble,beginner-friendly,tech-features","Independent & Solitary,Adventurous & Risk-Taking,Practical & Efficient","Light,Easy-to-handle",Standard-height,City streets,"Leisure,Daily commute,Smooth,Versatile"
I consider myself a balanced mix of adventurous and practical. My dream ride is comfortable for daily city use but can also handle a little off-road fun. I'm a Sports Person in spirit but like convenience.,"Adventure Scooter,urban,commuter,economical,nimble,beginner-friendly,tech-features","A mix of both Adventurous & Risk-Taking,Practical & Efficient,Energetic & Sporty",Moderate-weight,Standard-height,City streets,"Quiet Suburban roads,Leisure,Daily commute,Balanced,Convenient"
I m a bit new to riding and want a bike that feels safe and modern. I m not looking for extreme adventures but I like the idea of being able to go anywhere. I prefer going alone.,"Adventure Scooter,urban,commuter,economical,nimble,beginner-friendly,tech-features,Light,Beginner-friendly,Easy-to-handle,Accessible","Calm & Collected,Independent & Solitary,Practical & Efficient",Less weight,Less height,City streets,"Quiet Suburban roads,Leisure,Smooth,Safe"
My dream ride is something versatile that can take me to work and then for a fun spin outside the concrete jungle. I m not a lazy person but appreciate comfort and smart tech to make things easier.,"Adventure Scooter,urban,commuter,economical,nimble,beginner-friendly,tech-features","Energetic & Sporty,Tech-Savvy & Modern,Practical & Efficient",Moderate-weight,Standard-height,City streets,"Quiet Suburban roads,Leisure,Daily commute,Versatile,Comfortable"
I m someone who values efficiency and quality but also wants a touch of adventure in my life. My ideal two-wheeler is maneuverable for the city but gives me the confidence for new routes.,"Adventure Scooter,urban,commuter,economical,nimble,beginner-friendly,tech-features","Practical & Efficient,Adventurous & Risk-Taking,Calm & Collected",Moderate-weight,Standard-height,City streets,"Quiet Suburban roads,Daily commute,Smooth,Maneuverable"
I m a person no matter my height who loves lightweight travel alone. I m not into sporty rides but I absolutely adore being a beach person and exploring coastal areas comfortably.,"Adventure Scooter,Maxi Scooter,economical,nimble,beginner-friendly,comfortable,versatile,Easygoing,Coastal,Travel,Light,Nimble,Easy-to-handle,Accessible","Independent & Solitary,Relaxed",Moderate Weight,Standard-height,Leisure,"Solo-travel,Coastal roads,Errands,Daily commute,Smooth,Comfortable,Easy-to-ride"
"I m a savage risk-taking girl who thrives on adrenaline. My dream ride is all about high performance coolness and making a bold statement. I'm a true sports person, confident and commanding.","Sportbike,sporty,performance,adventurous,risk-taking,cool,bold,confident,dynamic,thrilling","Experienced-rider,Savage,Powerful,Energetic & Sporty","Light,Nimble",Tall-rider friendly,Sporty-rides,"Track-days,Open Highways,Aggressive,Sporty,Fast"
As a woman with a great physique and good height I crave an exhilarating dynamic ride. I m definitely a sports person fearless and always pushing limits. Coolness factor is essential.,"Sportbike,sporty,performance,adventurous,risk-taking,cool,bold,confident,dynamic,thrilling","Experienced-rider,Savage,Powerful,Energetic & Sporty","Light,Nimble",Tall-rider friendly,Sporty-rides,"Track-days,Open Highways,Aggressive,Sporty,Fast"
My dream bike is for a fearless risk-taking personality. I live for the thrill and speed embodying absolute coolness on the road or track. It needs to be a high-performance machine.,"Sportbike,sporty,performance,adventurous,risk-taking,cool,bold,confident,dynamic,thrilling","Experienced-rider,Savage,Powerful,Energetic & Sporty","Light,Nimble",Tall-rider friendly,Sporty-rides,"Track-days,Open Highways,Aggressive,Sporty,Fast"
I m a confident and bold individual a true sports enthusiast who loves to dominate the road. My ideal bike has cutting-edge technology and offers an incredibly thrilling experience.,"Sportbike,sporty,performance,adventurous,risk-taking,cool,bold,confident,dynamic,thrilling","Experienced-rider,Savage,Powerful,Energetic & Sporty","Light,Nimble",Tall-rider friendly,Sporty-rides,"Track-days,Open Highways,Aggressive,Sporty,Fast"
I have a great physique and love a bike that reflects my energetic and cool personality. Risk-taking is my middle name and I want a sportbike that screams performance and excitement.,"Sportbike,sporty,performance,adventurous,risk-taking,cool,bold,confident,dynamic,thrilling","Experienced-rider,Savage,Powerful,Energetic & Sporty","Light,Nimble",Tall-rider friendly,Sporty-rides,"Track-days,Open Highways,Aggressive,Sporty,Fast"
I m a dynamic individual male or female who loves the thrill of an aggressive ride and wants to stand out. My dream bike needs to be bold powerful and utterly cool.,"Hyper Naked,dynamic,aggressive,urban,thrilling,bold,adventurous,risk-taking,cool,powerful,confident",Energetic & Sporty,"Light,Nimble","Tall-rider friendly,Commanding-posture",City streets,"Open Highways,Sporty-rides,Aggressive,Sporty,Fast"
As someone who enjoys taking risks and embracing boldness I want a hyper-naked bike that offers exhilarating performance and sharp handling. Perfect for confident boys and girls.,"Hyper Naked,dynamic,aggressive,urban,thrilling,bold,adventurous,risk-taking,cool,powerful,confident","Adventurous & Risk-Taking,Energetic & Sporty","Light,Nimble","Tall-rider friendly,Commanding-posture",City streets,"Winding trails,Sporty-rides,Aggressive,Sporty,Fast"
My ideal ride is something that dominates the urban landscape and offers a truly thrilling experience. It's for the confident cool personality regardless of gender who seeks power and agility.,"Hyper Naked,dynamic,aggressive,urban,thrilling,bold,adventurous,risk-taking,cool,powerful,confident","Tech-Savvy & Modern,Energetic & Sporty","Light,Nimble","Tall-rider friendly,Commanding-posture",City streets,"Open Highways,Sporty-rides,Aggressive,Sporty"
I m an adventurous person whether male or female who loves the raw power and sharp aesthetics of a naked bike. My dream is to have a dynamic machine that handles like a dream on winding roads.,"Hyper Naked,dynamic,aggressive,urban,thrilling,bold,adventurous,risk-taking,cool,powerful,confident","Adventurous & Risk-Taking,Energetic & Sporty","Light,Nimble","Tall-rider friendly,Commanding-posture",Mountains & Winding trails,"Open Highways,Sporty-rides,Aggressive,Sporty,Dynamic"
For me coolness is key. I m a confident rider looking for an aggressive and powerful hyper-naked bike that suits both guys and girls. It has to stand out!,"Hyper Naked,dynamic,aggressive,urban,thrilling,bold,adventurous,risk-taking,cool,powerful,confident","Energetic & Sporty,Creative & Unique","Light,Nimble","Tall-rider friendly,Commanding-posture",City streets,"Sporty-rides,Aggressive,Sporty,Bold"
I m an adventurous and slightly crazy individual who wants an iconic bike with a savage edge. My dream ride is bold has a powerful presence and is perfect for making a statement.,"Cruiser,classic,custom,iconic,stylish,unique,comfortable,low-slung,powerful,distinctive,authentic,bold","Adventurous & Risk-Taking,Savage,Crazy,Energetic & Sporty,Robust",Stable weight,Low-height,Accessible,"Open Highways,Leisure,Cruising,Aggressive,Bold,Dominating"
For me it s about being crazy and having an authentic powerful ride that truly stands out. I m a savage at heart and I want a low-slung comfortable bike for commanding the road.,"Cruiser,classic,custom,iconic,stylish,unique,comfortable,low-slung,powerful,distinctive,authentic,bold","Adventurous & Risk-Taking,Savage,Crazy,Energetic & Sporty,Robust",Stable weight,Low-height,Accessible,"Open Highways,Leisure,Cruising,Aggressive,Bold,Confident"
I m an adventurous soul seeking a distinctive custom-styled bike that screams savage. I appreciate classic looks but demand a powerful and thrilling presence. Perfect for my crazy adventures.,"Cruiser,classic,custom,iconic,stylish,unique,comfortable,low-slung,powerful,distinctive,authentic,bold","Adventurous & Risk-Taking,Savage,Crazy,Creative & Unique,Robust",Stable weight,Low-height,Accessible,"Open Highways,Winding roads,Cruising,Aggressive,Thrilling"
My dream ride embodies boldness and power suitable for an adventurous and confident rider. I want an iconic comfortable cruiser with a strong road presence reflecting my slightly crazy side.,"Cruiser,classic,custom,iconic,stylish,unique,comfortable,low-slung,powerful,distinctive,authentic,bold","Adventurous & Risk-Taking,Savage,Crazy,Robust",Stable weight,Low-height,Accessible,"Open Highways,Leisure,Cruising,Confident,Powerful"
I m looking for a unique custom-style bike that both comfortable and powerful. It needs to match my adventurous spirit and bold personality. The savage look is a major plus.,"Cruiser,classic,custom,iconic,stylish,unique,comfortable,low-slung,powerful,distinctive,authentic,bold","Adventurous & Risk-Taking,Savage,Crazy,Creative & Unique,Robust",Stable Weight,Low-height,Accessible,"Open Highways,Leisure,Cruising,Bold,Unique"
I m a slow driver a bit of a lazy person who loves to take things easy. My dream ride is calm low-risk and perfect for a slim person navigating urban life. Comfort is key.,"Electric Scooter,electric,scooter,urban,commuter,eco-friendly,calm,innocent,easy-to-ride,practical,comfortable,low-risk","Lazy Person,Relaxed,Easygoing","Light,Nimble",Any-height,Accessible,"Daily commute,Errands,City streets,Smooth,Comfortable,Slow-paced"
I m not into speed or risks I prefer a gentle effortless ride. My ideal two-wheeler is eco-friendly quiet and suitable for someone slim who just wants to take their time.,"Electric Scooter,electric,scooter,urban,commuter,eco-friendly,calm,innocent,easy-to-ride,practical,comfortable,low-risk","Lazy Person,Relaxed,Easygoing,Environmentally Conscious","Light,Nimble",Any-height,Accessible,"Daily commute,Errands,City streets,Smooth,Comfortable,Effortless"
My personality is very laid-back and I appreciate a bike that equally slow-paced and comfortable. I m a slim person looking for a hassle-free innocent-feeling ride for short trips.,"Electric Scooter,electric,scooter,urban,commuter,eco-friendly,calm,innocent,easy-to-ride,practical,comfortable,low-risk","Lazy Person,Relaxed,Easygoing,Calm & Collected","Light,Nimble",Any-height,Accessible,"City streets,Errands,Smooth,Comfortable,Low-risk"
I enjoy a calm and quiet life and my dream scooter reflects that. I m a bit lazy when it comes to effort so an easy-to-ride electric option is perfect for my slim build and urban needs.,"Electric Scooter,electric,scooter,urban,commuter,eco-friendly,calm,innocent,easy-to-ride,practical,comfortable,low-risk","Lazy Person,Relaxed,Easygoing,Calm & Collected","Light,Nimble",Any-height,Accessible,"Daily commute,Urban,Smooth,Convenient"
I m a relaxed individual who prioritizes comfort and an easy commute. My ideal ride is lightweight not aggressive and perfect for someone who takes everything slow in the city.,"Electric Scooter,electric,scooter,urban,commuter,eco-friendly,calm,innocent,easy-to-ride,practical,comfortable,low-risk","Lazy Person,Relaxed,Easygoing,Practical & Efficient","Light,Nimble",Any-height,Accessible,"Daily commute,City streets,Smooth,Comfortable"
I m a gym-going mountain-type person who needs a bike that cool and lives up to the hype. I appreciate classic style but want a strong distinctive presence for my rides.,"Cruiser,classic,retro,iconic,heritage,distinctive,stylish,broad-appeal",Robust,Stable Weight,"Commanding-posture,Tall-friendly",Open Highways,"Leisure,Mountain & Winding trails,Relaxed,Confident,Bold"
My dream bike is for someone with a solid physique who loves the mountains and wants a ride that effortlessly cool and widely admired. A classic with a powerful thumping sound is ideal.,"Cruiser,classic,retro,iconic,heritage,distinctive,stylish,broad-appeal",Robust,Stable Weight,"Commanding-posture,Tall-friendly",Open Highways,"Leisure,Mountain & Winding trails,Relaxed,Confident,Powerful"
I consider myself adventurous a bit of a mountain person and I want a bike that truly feels worth the hype. A timeless design combined with a robust feel and distinct character is what I seek.,"Cruiser,classic,retro,iconic,heritage,distinctive,stylish,broad-appeal","Adventurous & Risk-Taking,Robust",Stable Weight,"Commanding-posture,Tall-friendly",Open Highways,"Mountain & Winding trails,Leisure,Relaxed,Authentic"
I m a cool individual strong in spirit looking for a bike that has heritage and a commanding road presence. Something reliable for leisurely trips with a classic rugged charm.,"Cruiser,classic,retro,iconic,heritage,distinctive,stylish,broad-appeal","Calm & Collected,Robust",Stable Weight,"Commanding-posture,Tall-friendly",Open Highways,"Leisure,Quiet Suburban roads,Relaxed,Confident"
For the gym-goer who appreciates a bike that both classic and a bit wild. I want a cool dependable ride for long journeys something that truly iconic and distinctive.,"Cruiser,classic,retro,iconic,heritage,distinctive,stylish,Broad-appeal","Energetic & Sporty,Robust",Stable Weight,"Commanding-posture,Tall-friendly",Open Highways,"Long trips/Touring,Relaxed,Bold"
I m looking for a stylish modern-classic bike that versatile for both city and casual rides. I m open to colors as long as it not red and I want something comfortable for everyday use.,"Standard,modern-classic,retro,urban,nimble,stylish,versatile,comfortable,daily-rider,accessible,engaging","Calm & Collected,Practical & Efficient,Open-minded",Moderate-weight,Standard-height,Daily commute,"Urban,Casual rides,Leisure,Smooth,Comfortable"
My dream motorcycle blends retro charm with modern performance suitable for any gender. I need nimble handling for urban areas and prefer any color that isnt red. An engaging daily rider is key.,"Standard,modern-classic,retro,urban,nimble,stylish,versatile,comfortable,daily-rider,accessible,engaging","Tech-Savvy & Modern,Practical & Efficient,Open-minded",Moderate-weight,Standard-height,Daily commute,"Urban,Casual rides,Leisure,Smooth,Engaging"
I want a comfortable and versatile bike for daily use and weekend leisure. Its classic look with contemporary feel appeals to me and I m a person who likes colors other than red.,"Standard,modern-classic,retro,urban,nimble,stylish,versatile,comfortable,daily-rider,accessible,engaging","Calm & Collected,Relaxed,Easygoing,Open-minded",Moderate-weight,Standard-height,Daily commute,"Casual rides,Leisure,Smooth,Comfortable"
As a rider who enjoys an engaging experience in the city I m drawn to bikes with a distinctive modern-classic style. I m a boy/girl looking for a nimble ride and I like a color that stands out not red.,"Standard,modern-classic,retro,urban,nimble,stylish,versatile,comfortable,daily-rider,accessible,engaging","Creative & Unique,Social & Outgoing,Open-minded",Moderate-weight,Standard-height,Daily commute,"Urban,Casual rides,Leisure,Smooth,Engaging"
My dream bike is effortlessly stylish offers comfortable handling for daily commutes and is perfect for both men and women. I m really open to colors just not a fan of red.,"Standard,modern-classic,retro,urban,nimble,stylish,versatile,comfortable,daily-rider,accessible,engaging","Calm & Collected,Practical & Efficient,Open-minded",Moderate-weight,Standard-height,Daily commute,"Urban,Smooth,Comfortable"
I m a slow driver who enjoys leisurely rides either by myself or with a close friend. My dream electric scooter needs to be practical spacious and perfect for urban commuting and errands.,"Electric Scooter,electric,scooter,utility,practical,spacious,urban,comfortable,eco-friendly,versatile,modern,daily-rider","Lazy Person,Relaxed,Easygoing,Independent & Solitary,Social & Outgoing",Moderate-weight,Standard-height,Daily commute,"Errands,Casual rides,City streets,Smooth,Comfortable,Slow-paced"
I prioritize convenience and comfort for my daily travel. I m a relaxed person who enjoys going on drives sometimes solo sometimes with just one friend. A robust electric scooter with ample storage is my ideal.,"Electric Scooter,electric,scooter,utility,practical,spacious,urban,comfortable,eco-friendly,versatile,modern,daily-rider","Lazy Person,Relaxed,Easygoing,Independent & Solitary,Social & Outgoing",Moderate-weight,Standard-height,Daily commute,"Errands,Casual rides,City streets,Smooth,Comfortable,Convenient"
My dream ride is a practical electric scooter great for city use and has enough space for groceries or essentials. I m a slow driver and prefer quiet eco-friendly journeys alone or with a partner.,"Electric Scooter,electric,scooter,utility,practical,spacious,urban,comfortable,eco-friendly,versatile,modern,daily-rider","Lazy Person,Relaxed,Easygoing,Environmentally Conscious,Independent & Solitary,Social & Outgoing",Moderate-weight,Standard-height,Daily commute,"Errands,City streets,Smooth,Quiet,Eco-friendly"
For someone who likes to take things slow and easy a versatile electric scooter is perfect. I need something practical for urban drives whether I m alone or riding with a single friend.,"Electric Scooter,electric,scooter,utility,practical,spacious,urban,comfortable,eco-friendly,versatile,modern,daily-rider","Lazy Person,Relaxed,Easygoing,Practical & Efficient,Independent & Solitary,Social & Outgoing",Moderate-weight,Standard-height,Daily commute,"City streets,Casual rides,Smooth,Easy-to-ride"
I m a dynamic individual a heavy driver who spends a lot of time on the road. My dream bike is an electric grand tourer with high performance cutting-edge tech and a powerful modern feel.,"Electric Grand Tourer,electric,long-range,high-performance,fast-charging,modern,touring,tech-advanced,premium,powerful,sustainable,versatile","Energetic & Sporty,Tech-Savvy & Modern,Adventurous & Risk-Taking,Robust",Stable Weight,"Any-height,Commanding-posture",Long trips/Touring,"Open Highways,Spirited commutes,Aggressive,Dynamic,Fast"
As a rider who values extensive range and impressive speed I need a powerful and sleek electric motorcycle. I m a dynamic person who thrives on cutting-edge technology and long-distance travel.,"Electric Grand Tourer,electric,long-range,high-performance,fast-charging,modern,touring,tech-advanced,premium,powerful,sustainable,versatile","Energetic & Sporty,Tech-Savvy & Modern,Adventurous & Risk-Taking,Robust",Stable Weight,"Any-height,Commanding-posture",Long trips/Touring,"Open Highways,Spirited commutes,Aggressive,Dynamic,Fast"
My dream ride is for a heavy driver who is always on the go. An advanced electric grand tourer with quick charging and a robust build is essential for my dynamic lifestyle and adventurous spirit.,"Electric Grand Tourer,electric,long-range,high-performance,fast-charging,modern,touring,tech-advanced,premium,powerful,sustainable,versatile","Adventurous & Risk-Taking,Practical & Efficient,Energetic & Sporty,Robust",Stable Weight,"Any-height,Commanding-posture","Long trips/Touring,Open Highways","Spirited commutes,Dynamic,Reliable"
I m a confident and dynamic rider seeking an electric motorcycle that offers powerful performance for touring. It needs to be modern sustainable and capable of spirited commutes.,"Electric Grand Tourer,electric,long-range,high-performance,fast-charging,modern,touring,tech-advanced,premium,powerful,sustainable,versatile","Energetic & Sporty,Tech-Savvy & Modern,Confident,Robust",Stable Weight,"Any-height,Commanding-posture",Long trips/Touring,"Open Highways,Spirited commutes,Dynamic,Modern"
For a heavy driver like me who is always looking for the next adventure an electric grand tourer with unparalleled power and advanced features is the ultimate dream. It needs to be dynamic and premium.,"Electric Grand Tourer,electric,long-range,high-performance,fast-charging,modern,touring,tech-advanced,premium,powerful,sustainable,versatile","Adventurous & Risk-Taking,Energetic & Sporty,Confident,Robust",Stable Weight,"Any-height,Commanding-posture",Long trips/Touring,"Open Highways,Spirited commutes,Dynamic,Premium"
As a gym-going individual I need a bike that reflects my dynamic and powerful personality. My dream electric grand tourer must have vibrant colors and cutting-edge performance for spirited rides.,"Electric Grand Tourer,electric,long-range,high-performance,fast-charging,modern,touring,tech-advanced,premium,powerful,sustainable,versatile","Energetic & Sporty,Tech-Savvy & Modern,Confident,Bold,Vibrant-aesthetics,Robust",Stable Weight,"Any-height,Commanding-posture",Long trips/Touring,"Open Highways,Spirited commutes,Aggressive,Dynamic,Fast"
I m a fit adventurous person who loves bikes with vibrant colors and a strong modern presence. My ideal electric grand tourer offers impressive speed and advanced tech perfect for a gym-going lifestyle.,"Electric Grand Tourer,electric,long-range,high-performance,fast-charging,modern,touring,tech-advanced,premium,powerful,sustainable,versatile","Energetic & Sporty,Adventurous & Risk-Taking,Confident,Bold,Vibrant-aesthetics,Robust",Stable Weight,"Any-height,Commanding-posture",Long trips/Touring,"Open Highways,Spirited commutes,Dynamic,Modern"
My dream bike is for a gym-going enthusiast who appreciates both power and stand-out aesthetics. I m looking for a dynamic electric tourer with vibrant color options and an exhilarating ride.,"Electric Grand Tourer,electric,long-range,high-performance,fast-charging,modern,touring,tech-advanced,premium,powerful,sustainable,versatile","Energetic & Sporty,Creative & Unique,Confident,Bold,Vibrant-aesthetics,Robust",Stable Weight,"Any-height,Commanding-posture",Long trips/Touring,"Open Highways,Spirited commutes,Dynamic,Exciting"
I m a tall individual looking for an electric motorcycle that always good to go and looks great. Comfort is important for my urban commutes and I appreciate smart modern features.,"Electric Motorcycle,electric,urban,commuter,smart,eco-friendly,modern,low-maintenance,practical,connected,agile","Reliable,Stylish,Comfortable,Tech-Savvy & Modern,Energetic & Sporty","Light,Nimble","Tall-friendly,Commanding-posture",Daily commute,"Urban,Spirited commutes,Smooth,Comfortable,Dynamic"
My dream ride is comfy has a good look and is suitable for someone of a bigger height. I need a reliable electric motorcycle for daily city rides with modern connectivity.,"Electric Motorcycle,electric,urban,commuter,smart,eco-friendly,modern,low-maintenance,practical,connected,agile","Reliable,Stylish,Comfortable,Practical & Efficient","Light,Nimble","Tall-friendly,Commanding-posture",Daily commute,"Urban,Smooth,Comfortable,Reliable"
For a tall person who wants an eco-friendly ride that always dependable and stylish this is it. I value smart features and a comfortable agile experience in the city.,"Electric Motorcycle,electric,urban,commuter,smart,eco-friendly,modern,low-maintenance,practical,connected,agile","Reliable,Stylish,Comfortable,Tech-Savvy & Modern,Environmentally Conscious","Light,Nimble",Tall-friendly,Daily commute,"Urban,Smooth,Agile"
I m a big individual looking for an electric motorcycle that always ready to go. A comfy ride with a sleek modern look is what I desire for my urban adventures.,"Electric Motorcycle,electric,urban,commuter,smart,eco-friendly,modern,low-maintenance,practical,connected,agile","Reliable,Stylish,Comfortable,Energetic & Sporty","Light,Nimble",Tall-friendly,Daily commute,"Urban,Spirited commutes,Smooth,Comfortable"
I m a good physique guy with good height and weight who loves going on trips with groups of friends. My dream bike is a stylish modern cruiser that makes a statement and looks cool.,"Cruiser,concept,stylish,modern,urban,relaxed,futuristic,unique,leisure","Social & Outgoing,Adventurous & Risk-Taking,Confident,Bold,Energetic & Sporty,Robust",Tall-friendly,Standard-height,Long trips/Touring,"Leisure,Urban,Social rides,Relaxed,Confident,Smooth"
For groups of friends hitting the road I need a bike that worth the hype and driven by someone with a good physique. A futuristic comfortable cruiser that all about making a statement.,"Cruiser,concept,stylish,modern,urban,relaxed,futuristic,unique,leisure","Social & Outgoing,Adventurous & Risk-Taking,Confident,Bold,Energetic & Sporty,Robust",Tall-friendly,Standard-height,Long trips/Touring,"Leisure,Urban,Social rides,Relaxed,Confident,Stylish"
"My ideal ride is for a person with a good height and weight, who enjoys social trips with friends. I want a modern unique cruiser concept that offers a relaxed ride but still feels powerful and cutting-edge.","Cruiser,concept,stylish,modern,urban,relaxed,futuristic,unique,leisure","Social & Outgoing,Practical & Efficient,Confident,Tech-Savvy & Modern,Robust",Tall-friendly,Standard-height,"Long trips/Touring,Leisure,Urban,Social rides,Relaxed,Smooth,Modern",
I m a good physique guy looking for a cruiser that perfect for group trips. It needs to be modern stylish and comfortable creating a unique road presence.,"Cruiser,concept,stylish,modern,urban,relaxed,futuristic,unique,leisure","Social & Outgoing,Creative & Unique,Confident,Robust",Tall-friendly,Standard-height,Long trips/Touring,"Leisure,Urban,Social rides,Relaxed,Stylish"
I m a woman looking for a simple comfortable bicycle for leisurely rides around the city. I prefer low-risk transportation and something practical with a basket.,"Bicycle,women's-bike,girls-bike,commuter,city-bike,leisure,calm,innocent,low-risk,practical,comfortable,single-speed,accessible,urban","Calm & Collected,Relaxed,Easygoing,Practical & Efficient","Light,Easy-to-handle",Any-height,Accessible,"Daily commute,Urban,Casual rides,Errands,Smooth,Comfortable,Slow-paced"
As a girl who enjoys gentle exploration and easy commuting my dream bike is a single-speed bicycle that feels safe and accessible. Practicality with a carrier is a bonus.,"Bicycle,women's-bike,girls-bike,commuter,city-bike,leisure,calm,innocent,low-risk,practical,comfortable,single-speed,accessible,urban","Calm & Collected,Relaxed,Easygoing,Practical & Efficient","Light,Easy-to-handle",Any-height,Accessible,"Daily commute,Urban,Casual rides,Smooth,Safe"
I need a reliable and comfortable bike for my daily urban commute. As a woman I prefer a simple low-maintenance option for relaxed city rides with features like a front basket.,"Bicycle,women's-bike,girls-bike,commuter,city-bike,leisure,calm,innocent,low-risk,practical,comfortable,single-speed,accessible,urban","Calm & Collected,Practical & Efficient,Relaxed,Easygoing","Light,Easy-to-handle",Any-height,Accessible,"Daily commute,Urban,Errands,Smooth,Comfortable"
My ideal bicycle is designed for a girl who values simple eco-friendly transportation and comfortable rides. Something for leisurely trips around town with a focus on being accessible and low-risk.,"Bicycle,women's-bike,girls-bike,commuter,city-bike,leisure,calm,innocent,low-risk,practical,comfortable,single-speed,accessible,urban","Calm & Collected,Environmentally Conscious,Relaxed,Easygoing","Light,Easy-to-handle",Any-height,Accessible,"Urban,Leisure,Eco-friendly,Smooth,Comfortable"
I m looking for a bike that every man can rely on for daily needs. It's an emotion a trusted companion for any desi boy prioritizing fuel efficiency and low maintenance.,"Commuter Motorcycle,commuter,reliable,fuel-efficient,affordable,low-maintenance,daily-rider,practical,urban,basic,economical,accessible","Broad-appeal,Traditional,Nostalgic,Reliable,Practical & Efficient","Light,Easy-to-handle",Standard-height,Accessible,"Daily commute,Urban,Semi-urban,Errands,Smooth,Comfortable,Low-maintenance"
My dream ride is a dependable cost-effective motorcycle that always there. It iconic for desi boys perfect for everyday use and stress-free commuting.,"Commuter Motorcycle,commuter,reliable,fuel-efficient,affordable,low-maintenance,daily-rider,practical,urban,basic,economical,accessible","Broad-appeal,Traditional,Nostalgic,Reliable,Practical & Efficient","Light,Easy-to-handle",Standard-height,Accessible,"Daily commute,Urban,Semi-urban,Smooth,Comfortable,Economical"
I need a highly reliable and practical bike for work and errands. As a man I want something that truly an emotion a straightforward and economical choice for city and semi-urban travel.,"Commuter Motorcycle,commuter,reliable,fuel-efficient,affordable,low-maintenance,daily-rider,practical,urban,basic,economical,accessible","Broad-appeal,Traditional,Nostalgic,Reliable,Practical & Efficient","Light,Easy-to-handle",Standard-height,Accessible,"Daily commute,Urban,Semi-urban,Smooth,Comfortable,Low-maintenance"
This bike is for anyone who values reliability and simplicity. It the ultimate every other man choice embodying a sense of trust and familiarity for daily rides.,"Commuter Motorcycle,commuter,reliable,fuel-efficient,affordable,low-maintenance,daily-rider,practical,urban,basic,economical,accessible","Broad-appeal,Traditional,Reliable,Practical & Efficient","Light,Easy-to-handle",Standard-height,Accessible,"Daily commute,Urban,Smooth,Comfortable,Simple"
As a dedicated sports person my dream bike is an aggressive track-ready sportbike. I like that extraaa power and agile handling perfect for thrilling rides.,"Sportbike,performance,agile,track-ready,aggressive,powerful,nimble,dynamic,thrilling,enthusiast,tech-advanced","Energetic & Sporty,Adventurous & Risk-Taking,Confident,Bold,Robust",Standard-weight,Tall-friendly,Track-days,"Spirited commutes,Winding roads,Aggressive,Sporty,Fast"
I m a sports enthusiast with good weight seeking a high-performance machine that offers an exhilarating experience. The KTM RC 390 aggressive styling and powerful engine are definitely extraaa for me.,"Sportbike,performance,agile,track-ready,aggressive,powerful,nimble,dynamic,thrilling,enthusiast,tech-advanced","Energetic & Sporty,Adventurous & Risk-Taking,Commanding-posture,Confident,Bold,Robust",Standard-weight,Tall-friendly,"Track-days,Spirited commutes,Winding roads","Aggressive,Sporty,Fast"
My ideal bike is for a true sports person who craves dynamic and nimble handling. I need that extraaa thrill and cutting-edge technology for both twisty roads and the racetrack.,"Sportbike,performance,agile,track-ready,aggressive,powerful,nimble,dynamic,thrilling,enthusiast,tech-advanced","Energetic & Sporty,Adventurous & Risk-Taking,Tech-Savvy & Modern,Confident","Light,Nimble","Standard-height,Tall-friendly","Track-days,Winding roads","Spirited commutes,Aggressive,Dynamic,Fast"
I have a good weight and strong physique and I want a sportbike that matches my intensity. The KTM RC 390 aggressive and powerful nature with that extraaa edge is my dream.,"Sportbike,performance,agile,track-ready,aggressive,powerful,nimble,dynamic,thrilling,enthusiast,tech-advanced","Energetic & Sporty,Confident,Bold,Robust,Commanding-posture",Standard-weight,Tall-friendly,Track-days,"Spirited commutes,Aggressive,Sporty"
I m not entirely sure what kind of bike I want but I need something incredibly practical and reliable for daily use. This feels like a simple go-to fun cycle that just works.,"Moped,utility,practical,affordable,reliable,fuel-efficient,daily-use,load-carrying,urban,rural,versatile,economical","Undecided-preferences,Practical & Efficient,Reliable,Easygoing","Light,Easy-to-handle",Any-height,Accessible,"Daily commute,Urban,Casual rides,Errands,Smooth,Comfortable,Simple"
As someone who prioritizes affordability and low maintenance I m looking for a versatile ride for urban and rural travel. It perfect when youre unaware of specific bike desires offering pure utility.,"Moped,utility,practical,affordable,reliable,fuel-efficient,daily-use,load-carrying,urban,rural,versatile,economical","Undecided-preferences,Practical & Efficient,Economical,Reliable","Light,Easy-to-handle",Any-height,Accessible,"Daily commute,Urban,Rural,Load-carrying,Smooth,Comfortable,Low-maintenance"
I just need a basic robust and fuel-efficient option for getting around. I m open to anything that easy to use and this moped seems like a great default choice for everyday tasks.,"Moped,utility,practical,affordable,reliable,fuel-efficient,daily-use,load-carrying,urban,rural,versatile,economical","Undecided-preferences,Practical & Efficient,Accessible,Reliable","Light,Easy-to-handle",Any-height,Accessible,"Daily commute,Errands,Utility,Smooth,Comfortable,Simple"
My ideal vehicle is something that serves as a fun cycle for quick trips and can carry a decent load. Its for anyone especially if they re still figuring out their motorcycle preference due to its sheer practicality.,"Moped,utility,practical,affordable,reliable,fuel-efficient,daily-use,load-carrying,urban,rural,versatile,economical","Undecided-preferences,Practical & Efficient,Versatile,Easygoing","Light,Easy-to-handle",Any-height,Accessible,"Daily commute,Errands,Load-carrying,Smooth,Comfortable"
I m looking for a bike for solo trips something with less weight easy for any height to drive and offers a lazy comfy ride.,"Moped,utility,practical,affordable,reliable,fuel-efficient,daily-use,load-carrying,urban,rural,versatile,economical","Independent & Solitary,Lazy Person,Relaxed,Easygoing","Light,Easy-to-handle",Any-height,Accessible,"Solo-travel,Daily commute,Errands,Smooth,Comfortable,Slow-paced"
My dream ride is perfect for a solo adventure super comfy and ideal for someone who prefers a lighter bike and takes things easy regardless of their height.,"Moped,utility,practical,affordable,reliable,fuel-efficient,daily-use,load-carrying,urban,rural,versatile,economical","Independent & Solitary,Lazy Person,Relaxed,Easygoing","Light,Easy-to-handle",Any-height,Accessible,"Solo-travel,Daily commute,Smooth,Comfortable,Effortless"
I need a bike that easy to manage for people with less weight and height great for lazy comfy rides especially when I m going on a solo trip.,"Moped,utility,practical,affordable,reliable,fuel-efficient,daily-use,load-carrying,urban,rural,versatile,economical","Independent & Solitary,Lazy Person,Relaxed,Easygoing","Light,Easy-to-handle",Any-height,Accessible,"Solo-travel,Daily commute,Smooth,Comfortable,Low-effort"
I m a rider who appreciates classic aesthetics and wants a bike with engaging performance. My dream is a stylish cafe racer that stands out during spirited city rides and weekend cruising.,"Cafe Racer,classic,retro,sporty,engaging,twin-cylinder,enthusiast,stylish,performance,authentic,urban,cruising","Confident,Social & Outgoing,Creative & Unique,Energetic & Sporty",Moderate-weight,Standard-height,Urban,"Leisure,Weekend rides,Spirited,Engaging,Stylish"
My ideal motorcycle has an authentic retro-sporty appeal and delivers a thrilling engaging ride. I love classic design combined with modern performance perfect for an enthusiast.,"Cafe Racer,classic,retro,sporty,engaging,twin-cylinder,enthusiast,stylish,performance,authentic,urban,cruising","Confident,Energetic & Sporty,Adventurous & Risk-Taking,Creative & Unique",Moderate-weight,Standard-height,Urban,"Cruising,Leisure,Spirited,Engaging,Dynamic"
I want a distinctive cafe racer that perfect for spirited urban cruising and long weekend rides. It needs to be iconic stylish and offer a powerful engaging experience for someone who enjoys standing out.,"Cafe Racer,classic,retro,sporty,engaging,twin-cylinder,enthusiast,stylish,performance,authentic,urban,cruising","Confident,Social & Outgoing,Bold,Energetic & Sporty",Moderate-weight,Standard-height,Urban,"Cruising,Leisure,Spirited,Engaging,Stylish"
For a rider drawn to classic aesthetics and a thrilling sporty feel this is my dream bike. Its for someone who truly connects with the heritage of a cafe racer but wants modern performance.,"Cafe Racer,classic,retro,sporty,engaging,twin-cylinder,enthusiast,stylish,performance,authentic,urban,cruising","Confident,Traditional,Energetic & Sporty",Moderate-weight,Standard-height,Urban,"Cruising,Leisure,Spirited,Engaging,Authentic"
This is for tough boys and girls cool savage risk-takers who crave an iconic high-performance cafe racer. My dream ride needs to stand out with its aggressive retro-sporty appeal.,"Cafe Racer,classic,retro,sporty,engaging,twin-cylinder,enthusiast,stylish,performance,authentic,urban,cruising","Adventurous & Risk-Taking,Bold,Confident,Energetic & Sporty,Social & Outgoing,Rebellious,Tough",Moderate-weight,Standard-height,Urban,"Cruising,Spirited,Aggressive,Dynamic"
I m a cool savage risk-taker and my ideal bike is a cafe racer that matches my adventurous spirit. Its for tough guys and girls who want engaging performance and a unique attention-grabbing style.,"Cafe Racer,classic,retro,sporty,engaging,twin-cylinder,enthusiast,stylish,performance,authentic,urban,cruising","Adventurous & Risk-Taking,Bold,Confident,Energetic & Sporty,Social & Outgoing,Rebellious,Tough",Moderate-weight,Standard-height,Urban,"Cruising,Spirited,Dynamic,Unique"
I want a super fun bike with extra cool colors that lazy and comfortable to ride. Its just for short gentle outdoor play and maybe one friend can join me.,"Kids' Bike,child-friendly,toy,low-speed,safe,fun,beginner,play,tricycle","Lazy Person,Relaxed,Easygoing,Vibrant-aesthetics",Child-weight,Child-height,Outdoor play,"Short trips,Supervised play,Slow-paced,Gentle,Comfortable"
My dream ride is a playful bike a great fun suggestion for kids who like bright colors and comfy easy movement. It not for going far just for play.,"Kids Bike,child-friendly,toy,low-speed,safe,fun,beginner,play,tricycle","Lazy Person,Relaxed,Easygoing,Vibrant-aesthetics",Child-weight,Child-height,Outdoor play,"Short trips,Supervised play,Slow-paced,Gentle,Comfortable"
I need a kids bike that really comfortable and fun with awesome extra colors. It just for leisurely rides around the yard not long distances and maybe one or two little ones can sit.,"Kids' Bike,child-friendly,toy,low-speed,safe,fun,beginner,play,tricycle","Lazy Person,Relaxed,Easygoing,Vibrant-aesthetics",Child-weight,Child-height,Outdoor play,"Short trips,Supervised play,Slow-paced,Gentle,Comfortable"
Im looking for a comfortable and practical bike that easy to ride for both girls and boys especially if they dont like heavy vehicles. Smooth handling and good mileage are key for urban commutes.,"Bike,scooter,comfortable,easy-to-ride,stylish,urban,commuter,practical,accessible,fuel-efficient,smooth-ride","Peaceful,Practical","Light,Nimble",Any-height,Accessible,"Daily commute,Errands,Leisure rides,Smooth,Comfortable,Easygoing"
My ideal ride is for someone who prefers lightweight bikes suitable for both genders. It needs to be a reliable and stylish urban commuter perfect for daily errands and short trips.,"Bike,scooter,comfortable,easy-to-ride,stylish,urban,commuter,practical,accessible,fuel-efficient,smooth-ride",Reliable,"Light,Nimble",Any-height,Accessible,"Daily commute,Errands,Urban,Smooth,Comfortable,Reliable"
I want a bike that simple to manage not heavy and offers effortless convenience for both girls and boys. Comfort and good mileage for city rides are a must.,"Bike,scooter,comfortable,easy-to-ride,stylish,urban,commuter,practical,accessible,fuel-efficient,smooth-ride","Stylish,Pleasantful","Light,Nimble",Any-height,Accessible,"Daily commute,Urban,Leisure rides,Smooth,Comfortable,Easy-to-manage"
I need a bike that highly reliable and very predictable perfect for both girls and boys. It should be suitable for mid-weight and mid-height riders making daily urban commutes effortless.,"Bike,scooter,commuter,reliable,fuel-efficient,easy-to-ride,urban,practical,accessible,unisex,beginner-friendly,low-maintenance","Predictable,Standard-rider","Standard-weight,Easy-to-handle",Standard-height,Accessible,"Daily commute,Urban,Errands,Smooth,Comfortable,Easygoing"
My ideal bike is a dependable practical choice for any beginner male or female. Its for mid-sized individuals who want a very predictable and low-maintenance ride for city travel.,"Bike,scooter,commuter,reliable,fuel-efficient,easy-to-ride,urban,practical,accessible,unisex,beginner-friendly,low-maintenance","Predictable,Standard-rider","Standard-weight,Easy-to-handle",Standard-height,Accessible,"Daily commute,Urban,Smooth,Comfortable,Low-maintenance"
As someone looking for an everyday utility bike I want something that easy to use and very predictable. It for average-height and weight individuals a perfect unisex option for getting around the city.,"Bike,scooter,commuter,reliable,fuel-efficient,easy-to-ride,urban,practical,accessible,unisex,beginner-friendly,low-maintenance","Predictable,Standard-rider","Standard-weight,Easy-to-handle",Standard-height,Accessible,"Daily commute,Urban,General utility,Smooth,Comfortable,Practical"
I need a highly reliable and comfortable bike for daily urban commuting and errands. It perfect for men women and even family use offering a smooth and practical solution.,"Bike,scooter,commuter,reliable,comfortable,urban,practical,accessible,unisex,family,smooth","Practical & Efficient,Reliable","Light,Easy-to-handle",Any-height,Accessible,"Daily commute,Urban,Errands,Family use,Smooth,Comfortable,Easygoing"
My ideal bike is a versatile and accessible choice for navigating city traffic with ease. I m looking for a peppy and practical ride that reliable for everyone including families.,"Bike,scooter,commuter,reliable,comfortable,urban,practical,accessible,unisex,family,smooth","Reliable,Comfortable","Light,Easy-to-handle",Any-height,Accessible,"Daily commute,Urban,Family use,Smooth,Practical"
I want a comfortable and reliable bike thats a perfect solution for daily commutes. It offers smooth handling and is practical for a wide range of riders making urban travel effortless.,"Bike,scooter,commuter,reliable,comfortable,urban,practical,accessible,unisex,family,smooth","Practical & Efficient,Reliable,Comfortable","Light,Easy-to-handle",Any-height,Accessible,"Daily commute,Urban,Smooth,Comfortable,Reliable"
I m a young rider looking for a dynamic and tech-savvy bike that both thrilling and practical for urban commutes. I love peppy performance aggressive styling and smart features.,"Sporty Bike,scooter,sporty,smart,connected,urban,commuter,performance,tech-savvy,youth,agile,stylish","Energetic & Sporty,Tech-Savvy & Modern,Confident,Bold","Light,Nimble",Standard-height,Youth-friendly,"Daily commute,Urban,Spirited commutes,Dynamic,Aggressive,Stylish"
My ideal bike is a sporty urban commuter with smart connectivity. It needs to be agile and stylish perfect for a youth who enjoys navigating city streets with flair and modern convenience.,"Sporty Bike,scooter,sporty,smart,connected,urban,commuter,performance,tech-savvy,youth,agile,stylish","Energetic & Sporty,Tech-Savvy & Modern,Creative & Unique,Social & Outgoing","Light,Nimble",Standard-height,Youth-friendly,"Daily commute,Urban,Spirited commutes,Stylish,Agile,Modern"
For a young rider seeking a thrilling yet practical experience this is the bike. I want dynamic performance aggressive styling and integrated smart features for daily city rides.,"Sporty Bike,scooter,sporty,smart,connected,urban,commuter,performance,tech-savvy,youth,agile,stylish","Energetic & Sporty,Adventurous & Risk-Taking,Tech-Savvy & Modern,Confident","Light,Nimble",Standard-height,Youth-friendly,"Daily commute,Urban,Spirited commutes,Thrilling,Dynamic,Aggressive"
I m a modern urbanite who loves a smart connected bike with youthful appeal. I need an agile performer for my daily city commute that keeps me technologically in sync.,"Sporty Bike,scooter,sporty,smart,connected,urban,commuter,performance,tech-savvy,youth,agile,stylish","Tech-Savvy & Modern,Energetic & Sporty,Social & Outgoing","Light,Nimble",Standard-height,Youth-friendly,"Daily commute,Urban,Spirited commutes,Stylish,Agile,Modern"
My ideal bike has dynamic performance and is super agile for cutting through city traffic. Its a sporty and stylish option for young riders seeking a thrilling peppy ride.,"Sporty Bike,scooter,sporty,smart,connected,urban,commuter,performance,tech-savvy,youth,agile,stylish","Energetic & Sporty,Adventurous & Risk-Taking,Confident","Light,Nimble",Standard-height,Youth-friendly,"Daily commute,Urban,Spirited commutes,Thrilling,Dynamic,Aggressive"
I m a young rider looking for a sporty commuter bike that offers a good blend of performance and style. It needs to be reliable for daily urban travel and occasional longer rides.,"Commuter Bike,motorcycle,commuter,sporty,performance,reliable,youth,urban,stylish,daily-rider,powerful,aggressive,versatile","Energetic & Sporty,Confident,Practical & Efficient",Standard-weight,Standard-height,Daily commute,"Urban,Occasional long rides,Engaging,Spirited,Stylish"
My ideal bike is a versatile daily rider with an aggressive stance and powerful engine perfect for an engaging experience. I need reliability for both city and longer journeys.,"Commuter Bike,motorcycle,commuter,sporty,performance,reliable,youth,urban,stylish,daily-rider,powerful,aggressive,versatile","Confident,Adventurous & Risk-Taking,Practical & Efficient",Standard-weight,Standard-height,Daily commute,"Urban,Occasional long rides,Engaging,Powerful,Reliable"
For a young man or woman I want a bike that stands out with its stylish look but is still practical for everyday commuting. Performance and reliability are a must.,"Commuter Bike,motorcycle,commuter,sporty,performance,reliable,youth,urban,stylish,daily-rider,powerful,aggressive,versatile","Social & Outgoing,Stylish,Practical & Efficient",Standard-weight,Standard-height,Daily commute,"Urban,Stylish,Easygoing,Practical"
I seek a thrilling yet practical commuter motorcycle. Its peppy performance and agile nature make it ideal for navigating city traffic with flair offering an exciting daily ride.,"Commuter Bike,motorcycle,commuter,sporty,performance,reliable,youth,urban,stylish,daily-rider,powerful,aggressive,versatile","Energetic & Sporty,Adventurous & Risk-Taking,Confident","Light,Nimble",Standard-height,Daily commute,"Urban,Spirited,Thrilling,Agile"
As a youth I need a bike that is dependable for my daily routine but also has that extra sporty edge. Something popular and versatile thats more than just a basic commuter.,"Commuter Bike,motorcycle,commuter,sporty,performance,reliable,youth,urban,stylish,daily-rider,powerful,aggressive,versatile","Energetic & Sporty,Practical & Efficient,Social & Outgoing",Standard-weight,Standard-height,Daily commute,"Urban,Occasional long rides,Engaging,Reliable,Sporty"
I m a young rider who craves thrilling performance and sharp handling from my bike. I want a dynamic aggressively styled naked sport bike perfect for both city and spirited weekend rides.,"Naked Sport Bike,sporty,performance,aggressive,youth,enthusiast,thrilling,stylish,urban,commuter,agile","Energetic & Sporty,Adventurous & Risk-Taking,Confident","Light,Nimble",Standard-height,Youth-friendly,"Urban commutes,Weekend rides,Spirited riding,Thrilling,Aggressive,Dynamic"
My ideal bike is an enthusiasts dream featuring race-derived elements and a refined engine. It needs to be an engaging and stylish two-wheeler for a dynamic riding experience.,"Naked Sport Bike,sporty,performance,aggressive,youth,enthusiast,thrilling,stylish,urban,commuter,agile","Energetic & Sporty,Tech-Savvy & Modern,Confident","Light,Nimble",Standard-height,Urban commutes,"Weekend rides,Engaging,Stylish,Dynamic"
I want a bike with an aggressive stance and powerful feel suitable for daily urban commutes but also capable of thrilling weekend adventures. Its for a young rider who loves performance and style.,"Naked Sport Bike,sporty,performance,aggressive,youth,enthusiast,thrilling,stylish,urban,commuter,agile","Energetic & Sporty,Bold,Practical & Efficient",Standard-weight,Standard-height,Urban commutes,"Weekend rides,Spirited riding,Aggressive,Powerful,Stylish"
For a youth seeking an agile and dynamic bike this is it. I prioritize sharp handling and thrilling performance for navigating city streets with flair and engaging every ride.,"Naked Sport Bike,sporty,performance,aggressive,youth,enthusiast,thrilling,stylish,urban,commuter,agile","Energetic & Sporty,Confident","Light,Nimble",Standard-height,Urban commutes,"Spirited riding,Agile,Sharp-handling,Dynamic"
As a young enthusiast I need a stylish naked sport bike that offers a blend of practicality for urban travel and exhilarating performance for spirited rides. A truly engaging two-wheeler is what I seek.,"Naked Sport Bike,sporty,performance,aggressive,youth,enthusiast,thrilling,stylish,urban,commuter,agile","Energetic & Sporty,Practical & Efficient,Stylish",Standard-weight,Standard-height,Urban commutes,"Weekend rides,Engaging,Stylish,Thrilling"
I m a youngster looking for a cool stylish and comfortable bike for daily urban travel. It needs to be fuel-efficient and easy to handle for both commuting and fun leisure rides.,"Naked Commuter Bike,naked-commuter,stylish,comfortable,fuel-efficient,urban,refined,daily-rider,versatile,unisex,easy-to-ride","Youth,Cool,Modern","Light,Easy-to-handle",Standard-height,Daily urban travel,"Leisure rides,Smooth,Comfortable,Stylish"
My ideal bike is a refined and easy-to-handle naked commuter perfect for young riders who want a cool modern look. Smooth performance and good mileage for city use are essential.,"Naked Commuter Bike,naked-commuter,stylish,comfortable,fuel-efficient,urban,refined,daily-rider,versatile,unisex,easy-to-ride","Youth,Cool,Modern","Light,Easy-to-handle",Standard-height,Daily urban travel,"Urban,Smooth,Refined,Easygoing"
As a youngster I want a stylish and versatile bike that makes daily urban commuting enjoyable. It should be fuel-efficient and comfortable a truly cool choice for everyday and leisure.,"Naked Commuter Bike,naked-commuter,stylish,comfortable,fuel-efficient,urban,refined,daily-rider,versatile,unisex,easy-to-ride","Youth,Cool,Practical & Efficient","Light,Easy-to-handle",Standard-height,Daily urban travel,"Leisure rides,Comfortable,Stylish,Practical"
I need a cool bike thats easy to handle and offers smooth performance for urban rides. Its for both boys and girls who appreciate a refined design and fuel efficiency for their daily travel.,"Naked Commuter Bike,naked-commuter,stylish,comfortable,fuel-efficient,urban,refined,daily-rider,versatile,unisex,easy-to-ride","Youth,Cool,Accessible","Light,Easy-to-handle",Standard-height,Daily urban travel,"Urban,Smooth,Easygoing,Refined"
My dream bike combines comfort and style with everyday practicality. Its a cool naked commuter for youngsters who value a fuel-efficient and easy-to-ride option for all their urban adventures.,"Naked Commuter Bike,naked-commuter,stylish,comfortable,fuel-efficient,urban,refined,daily-rider,versatile,unisex,easy-to-ride","Youth,Cool,Practical & Efficient","Light,Easy-to-handle",Standard-height,Daily urban travel,"Urban,Comfortable,Practical,Stylish"
I m looking for a comfortable and accessible cruiser bike that offers a relaxed and enjoyable riding experience. Perfect for urban commuting highway cruising and leisurely tours.,"Cruiser Bike,cruiser,classic,retro,comfortable,relaxed,urban,touring,accessible,modern-classic,stylish,smooth-ride","Easygoing,Relaxed,Patient",Standard-weight,Standard-height,Urban commuting,"Highway cruising,Leisure tours,Relaxed,Smooth,Comfortable"
My ideal bike is a stylish modern-classic with a smooth engine designed for stress-free journeys. Its for riders of all genders who appreciate comfort and a relaxed pace.,"Cruiser Bike,cruiser,classic,retro,comfortable,relaxed,urban,touring,accessible,modern-classic,stylish,smooth-ride","Stylish,Easygoing,Patient",Standard-weight,Standard-height,Urban commuting,"Highway cruising,Leisure tours,Relaxed,Smooth,Stylish"
I need a bike thats an ideal choice for leisurely tours and comfortable rides both in the city and on the highway. Its classic styling and smooth performance are very appealing.,"Cruiser Bike,cruiser,classic,retro,comfortable,relaxed,urban,touring,accessible,modern-classic,stylish,smooth-ride","Traditional,Patient,Easygoing",Standard-weight,Standard-height,Urban commuting,"Highway cruising,Leisure tours,Comfortable,Smooth,Relaxed"
For a rider seeking a stress-free and stylish journey this cruiser bike is perfect. It offers excellent ergonomics and is accessible for a wide range of riders who enjoy a smooth ride.,"Cruiser Bike,cruiser,classic,retro,comfortable,relaxed,urban,touring,accessible,modern-classic,stylish,smooth-ride","Easygoing,Practical & Efficient,Stylish",Standard-weight,Standard-height,Urban commuting,"Highway cruising,Leisure tours,Comfortable,Smooth,Accessible"
My dream bike is a comfortable cruiser with classic styling made for enjoyable rides whether I m commuting or on a long tour. I value smooth performance and a relaxed riding position.,"Cruiser Bike,cruiser,classic,retro,comfortable,relaxed,urban,touring,accessible,modern-classic,stylish,smooth-ride","Traditional,Easygoing,Relaxed",Standard-weight,Standard-height,Urban commuting,"Highway cruising,Leisure tours,Relaxed,Smooth,Comfortable"
I m looking for an iconic and stylish modern classic bike that blends retro charm with contemporary performance. It needs comfortable ergonomics for urban cruising and leisurely rides.,"Modern Classic Bike,motorcycle,classic,retro,modern-classic,standard,stylish,unique,comfortable,urban,leisure,authentic,accessible","Traditional,Stylish,Easygoing",Standard-weight,Standard-height,Urban cruising,"Leisurely rides,Comfortable,Relaxed,Stylish"
My ideal bike offers a unique and authentic two-wheeled experience. I appreciate its distinctive design and comfortable ride perfect for urban adventures and relaxed journeys.,"Modern Classic Bike,motorcycle,classic,retro,modern-classic,standard,stylish,unique,comfortable,urban,leisure,authentic,accessible","Creative & Unique,Easygoing,Stylish",Standard-weight,Standard-height,Urban cruising,"Leisurely rides,Unique,Authentic,Comfortable"
For riders of all genders who love a blend of vintage aesthetics and smooth performance this is the bike. Its an accessible modern classic ideal for enjoyable city rides and tours.,"Modern Classic Bike,motorcycle,classic,retro,modern-classic,standard,stylish,unique,comfortable,urban,leisure,authentic,accessible","Traditional,Accessible,Easygoing",Standard-weight,Standard-height,Urban cruising,"Leisurely rides,Smooth,Comfortable,Accessible"
I desire a bike with a distinctive design and comfortable ergonomics making it perfect for urban cruising and leisurely tours. I want that iconic retro charm combined with modern reliability.,"Modern Classic Bike,motorcycle,classic,retro,modern-classic,standard,stylish,unique,comfortable,urban,leisure,authentic,accessible","Traditional,Reliable,Comfortable",Standard-weight,Standard-height,Urban cruising,"Leisurely rides,Relaxed,Smooth,Distinctive"
As someone seeking a truly authentic riding experience my dream bike is a modern classic with timeless style. It needs to be comfortable for daily use and unique enough to stand out on casual rides.,"Modern Classic Bike,motorcycle,classic,retro,modern-classic,standard,stylish,unique,comfortable,urban,leisure,authentic,accessible","Authentic,Unique,Social & Outgoing",Standard-weight,Standard-height,Urban cruising,"Leisurely rides,Stylish,Comfortable,Relaxed"
I m an experienced rider seeking a powerful and muscular bike for comfortable long-distance touring and highway cruising. I love an aggressive stance and commanding presence on the road.,"Power Cruiser Bike,motorcycle,power-cruiser,sport-tourer,naked,powerful,touring,highway,aggressive,comfortable,versatile,robust","Enthusiast,Experienced Rider,Bold,Confident",Heavy-duty,Standard-height,Highway cruising,"Long-distance touring,Spirited rides,Powerful,Aggressive,Commanding"
My ideal bike offers strong performance and is perfect for spirited rides and commanding attention. Its for enthusiasts who value a robust and versatile power cruiser.,"Power Cruiser Bike,motorcycle,power-cruiser,sport-tourer,naked,powerful,touring,highway,aggressive,comfortable,versatile,robust","Enthusiast,Experienced Rider,Energetic & Sporty,Adventurous & Risk-Taking",Heavy-duty,Standard-height,Highway cruising,"Spirited rides,Powerful,Dynamic,Aggressive"
For a rider who seeks comfortable long-distance capabilities and a commanding presence this power cruiser is perfect. I need a robust bike for both highway and spirited riding.,"Power Cruiser Bike,motorcycle,power-cruiser,sport-tourer,naked,powerful,touring,highway,aggressive,comfortable,versatile,robust","Enthusiast,Comfort-oriented,Practical & Efficient,Reliable",Heavy-duty,Standard-height,Long-distance touring,"Highway cruising,Spirited rides,Comfortable,Robust,Commanding"
I desire an aggressive and powerful bike for urban commutes and highway cruising. Its designed for riders who appreciate a blend of performance and comfort for long journeys.,"Power Cruiser Bike,motorcycle,power-cruiser,sport-tourer,naked,powerful,touring,highway,aggressive,comfortable,versatile,robust","Enthusiast,Energetic & Sporty,Practical & Efficient,Versatile",Heavy-duty,Standard-height,Urban commutes,"Highway cruising,Spirited rides,Aggressive,Comfortable,Powerful"
As an enthusiast I want a bike that offers thrilling performance and an aggressive stance for every ride. Its a reliable and comfortable power cruiser ideal for both daily use and adventures.,"Power Cruiser Bike,motorcycle,power-cruiser,sport-tourer,naked,powerful,touring,highway,aggressive,comfortable,versatile,robust","Enthusiast,Energetic & Sporty,Confident,Reliable",Heavy-duty,Standard-height,Daily commute,"Highway cruising,Spirited rides,Thrilling,Reliable,Aggressive"
I m a young and enthusiastic rider craving exhilarating performance and sharp handling from my bike. I want an aggressive naked sport bike for urban adventures and spirited rides.,"Naked Sport Bike,motorcycle,naked-sport,streetfighter,aggressive,agile,performance,youthful,thrilling,urban,enthusiast,nimble,stylish","Energetic & Sporty,Adventurous & Risk-Taking,Confident","Light,Nimble",Standard-height,Youth-friendly,"Urban adventures,Spirited rides,Exhilarating,Sharp-handling,Aggressive"
My ideal bike is a high-energy two-wheeled experience with distinctive styling and a potent engine. Its for those who want thrilling performance and agile handling in the city.,"Streetfighter Bike,motorcycle,naked-sport,streetfighter,aggressive,agile,performance,youthful,thrilling,urban,enthusiast,nimble,stylish","Energetic & Sporty,Bold,Creative & Unique","Light,Nimble",Standard-height,Urban adventures,"Spirited rides,Thrilling,Agile,Dynamic"
For a young rider seeking an aggressive and nimble bike this is the perfect choice. I need a motorcycle that delivers sharp handling and a high-energy feel for daily commutes and fun.,"Naked Sport Bike,motorcycle,naked-sport,streetfighter,aggressive,agile,performance,youthful,thrilling,urban,enthusiast,nimble,stylish","Energetic & Sporty,Youthful,Confident","Light,Nimble",Standard-height,Daily commute,"Urban adventures,Spirited,Sharp-handling,Aggressive"
I want a bike that offers exhilarating performance and a commanding presence with its distinctive aggressive styling. Its for an enthusiast who loves spirited rides and sharp handling.,"Streetfighter Bike,motorcycle,naked-sport,streetfighter,aggressive,agile,performance,youthful,thrilling,urban,enthusiast,nimble,stylish","Energetic & Sporty,Bold,Confident","Light,Nimble",Standard-height,Spirited rides,"Urban adventures,Exhilarating,Aggressive,Dynamic"
As a young and energetic rider I need a bike that is both thrilling and agile for navigating urban environments. Its performance and style make it a top choice for a high-energy experience.,"Naked Sport Bike,motorcycle,naked-sport,streetfighter,aggressive,agile,performance,youthful,thrilling,urban,enthusiast,nimble,stylish","Energetic & Sporty,Youthful,Dynamic","Light,Nimble",Standard-height,Urban adventures,"Spirited rides,Agile,Thrilling,Stylish"
I m a tech-savvy and environmentally conscious urban rider looking for a powerful long-range and silent electric bike. I value advanced features quick acceleration and a sleek design for my modern commute.,"Electric Bike,electric-scooter,EV,smart,connected,urban,eco-friendly,modern,performance,futuristic,silent,convenient,long-range","Tech-Savvy & Modern,Environmentally Conscious,Practical & Efficient","Standard-weight,Agile",Standard-height,Accessible,"Urban commuting,Eco-friendly travel,Silent,Quick-acceleration,Convenient"
My ideal bike is futuristic and smart perfect for a modern eco-friendly ride in the city. I need advanced connectivity and dynamic performance for an effortless urban commuting solution.,"Electric Bike,electric-scooter,EV,smart,connected,urban,eco-friendly,modern,performance,futuristic,silent,convenient,long-range","Tech-Savvy & Modern,Environmentally Conscious,Stylish","Standard-weight,Agile",Standard-height,Urban commuting,"Eco-friendly travel,Smooth,Modern,Sleek"
For a rider who seeks a powerful and silent commuting solution this electric bike is perfect. Its long-range capability and quick acceleration make it ideal for convenient and eco-friendly urban travel.,"Electric Bike,electric-scooter,EV,smart,connected,urban,eco-friendly,modern,performance,futuristic,silent,convenient,long-range","Practical & Efficient,Environmentally Conscious,Reliable",Standard-weight,Standard-height,Urban commuting,"Daily commute,Eco-friendly travel,Silent,Convenient,Long-range"
I desire a bike with a sleek design and advanced features suitable for urban riders of all genders. It should offer quick acceleration and be a modern choice for eco-conscious commuting.,"Electric Bike,electric-scooter,EV,smart,connected,urban,eco-friendly,modern,performance,futuristic,silent,convenient,long-range","Stylish,Tech-Savvy & Modern,Accessible",Standard-weight,Standard-height,Urban commuting,"Eco-friendly travel,Sleek,Modern,Quick-acceleration"
As a tech-savvy individual I want a connected electric bike that provides a futuristic and powerful ride. Its silent operation and long range make it ideal for my daily urban commute.,"Electric Bike,electric-scooter,EV,smart,connected,urban,eco-friendly,modern,performance,futuristic,silent,convenient,long-range","Tech-Savvy & Modern,Environmentally Conscious,Confident",Standard-weight,Standard-height,Urban commuting,"Daily commute,Silent,Powerful,Connected"
